title,author,journal,number,year,reviewed,display,citation-number
Reproducible summary tables with the gtsummary package,"DD Sjoberg, K Whiting, M Curry, JA Lavery, J Larmarange",R Journal,13 (1),2021,No,Yes,
Gtsummary: Presentation-ready data summary and analytic result tables. R package version 1.3. 5,"DD Sjoberg, M Curry, M Hannum, K Whiting, EC Zabor",gtsummary: Presentation-Ready Data Summary and Analytic Result Tables (R …,,2021,No,No,
"Neoadjuvant atezolizumab with gemcitabine and cisplatin in patients with muscle-invasive bladder cancer: a multicenter, single-arm, phase II trial","SA Funt, M Lattanzi, K Whiting, H Al-Ahmadie, C Quinlan, MY Teo, and others",Journal of Clinical Oncology,"40 (12), 1312-1322",2022,No,Yes,
CT-based radiogenomic analysis of clinical stage I lung adenocarcinoma with histopathologic features and oncologic outcomes,"R Perez-Johnston, JA Araujo-Filho, JG Connolly, R Caso, K Whiting, and others",Radiology,"303 (3), 664-672",2022,No,No,
A phase II study of epacadostat and pembrolizumab in patients with advanced sarcoma,"CM Kelly, LX Qin, K Whiting, AL Richards, V Avutu, JE Chan, P Chi, and others",Clinical Cancer Research,"29 (11), 2043-2051",2023,No,Yes,
clinfun: Clinical trial design and data analysis functions,"VE Seshan, K Whiting",R package version,1 (9),2018,No,No,
Reproducible Summary Tables with the gtsummary Package. R J. 2021; 13: 570–580. doi: 10.32614,"DD Sjoberg, K Whiting, M Curry, JA Lavery, J Larmarange",RJ-,-2074,2017,No,No,
Fibroblast growth factor receptor 3 alteration status is associated with differential sensitivity to platinum-based chemotherapy in locally advanced and metastatic urothelial …,"MY Teo, JM Mota, K Whiting, HA Li, SA Funt, CH Lee, DB Solit, and others",European urology,"78 (6), 907-915",2020,No,No,
Percutaneous cryoablation provides disease control for extra-abdominal desmoid-type fibromatosis comparable with surgical resection,"JE Mandel, DH Kim, H Yarmohammadi, E Ziv, ML Keohan, SP D’Angelo, K Whiting, and others",Annals of surgical oncology,"29 (1), 640-648",2022,No,No,
"Clinical outcomes, genomic heterogeneity, and therapeutic considerations across histologic subtypes of urothelial carcinoma","CE Chu, Z Chen, K Whiting, I Ostrovnaya, AT Lenis, TN Clinton, and others",European urology,,2025,No,Yes,
"The GENIE BPC NSCLC cohort: a real-world repository integrating standardized clinical and genomic data for 1,846 patients with non–small cell lung cancer","NJ Choudhury, JA Lavery, S Brown, I de Bruijn, J Jee, TN Tran, H Rizvi, K Whiting, and others",Clinical Cancer Research,"29 (17), 3418-3428",2023,No,Yes,
Intensity‐modulated radiation therapy and doxorubicin in thyroid cancer: A prospective phase 2 trial,"PB Romesser, EJ Sherman, K Whiting, ML Ho, AR Shaha, MM Sabra, and others",Cancer,"127 (22), 4161-4170",2021,No,No,
Clinical and genomic characterization of bladder carcinomas with glandular phenotype,"K Whiting, N Almassi, A Toubaji, AT Lenis, EJ Jordan, H Won, and others",JCO Precision Oncology,"6, e2100392",2022,No,Yes,
clinfun: clinical trial design and data analysis functions. R package version 1.0. 15,"VE Seshan, K Whiting",,,2018,No,No,
"Phase I/Ib study of the efficacy and safety of buparlisib and ibrutinib therapy in MCL, FL, and DLBCL with serial cell-free DNA monitoring","CM Stewart, L Michaud, K Whiting, R Nakajima, C Nichols, S De Frank, and others",Clinical Cancer Research,"28 (1), 45-56",2022,No,No,
Reproducible summary tables with the gtsummary package. R J. 13: 570. doi: 10.32614,"DD Sjoberg, K Whiting, M Curry, JA Lavery, J Larmarange",RJ-,-2074,2021,No,No,
"A phase II trial of durvalumab and tremelimumab in metastatic, non‐urothelial carcinoma of the urinary tract","M Sarfaty, K Whiting, MY Teo, CH Lee, V Peters, J Durocher, AM Regazzi, and others",Cancer Medicine,"10 (3), 1074-1083",2021,No,No,
"Reproducible summary tables with the gtsummary package. The R Journal, 13 (1), 570–580","DD Sjoberg, K Whiting, M Curry, JA Lavery, J Larmarange",,,2021,No,No,
Extreme body mass index and survival in newly diagnosed multiple myeloma patients,"UA Shah, K Whiting, S Devlin, R Ershler, B Kanapuru, DJ Lee, S Tahri, and others",Blood Cancer Journal,"13 (1), 13",2023,No,Yes,
Pretreatment eosinophil counts in patients with advanced or metastatic urothelial carcinoma treated with anti–PD-1/PD-L1 checkpoint inhibitors,"JM Mota, MY Teo, K Whiting, HA Li, AM Regazzi, CH Lee, SA Funt, and others","Journal of immunotherapy (Hagerstown, Md.:","1997) 44 (7), 248",2021,No,No,
Reproducible summary tables with the gtsummary package. RJ 13: 570–580,"DD Sjoberg, K Whiting, M Curry, JA Lavery, J Larmarange",,,2021,No,No,
"Differential NEUROD1, ASCL1, and POU2F3 expression defines molecular subsets of bladder small cell/neuroendocrine carcinoma with prognostic implications","D Akbulut, K Whiting, MY Teo, JE Tallman, GG Ozcan, M Basar, L Jia, and others",Modern Pathology,"37 (10), 100557",2024,No,Yes,
Reproducible summary tables with the gtsummary package. The R Journal 2021; 13: 570–80,"DD Sjoberg, K Whiting, M Curry, JA Lavery, J Larmarange",,,2021,No,No,
Inherited germline cancer susceptibility gene variants in individuals with non–muscle-invasive bladder cancer,"EJ Pietzak, K Whiting, P Srinivasan, C Bandlamudi, A Khurram, V Joseph, and others",Clinical Cancer Research,"28 (19), 4267-4277",2022,No,Yes,1
Reproducible summary tables with the gtsummary package. R J.(2021) 13: 570–80. doi: 10.32614,"DD Sjoberg, K Whiting, M Curry, JA Lavery, J Larmarange",RJ-,-2074,2023,No,No,
FLIRT-ing with Zika: a web application to predict the movement of infected travelers validated against the current Zika virus epidemic,"A Huff, T Allen, K Whiting, N Breit, B Arnold",PLoS currents,"8, ecurrents. outbreaks. 711379ace737b7c04c89765342a9a8c9",2016,No,No,
"Effectiveness of MRNA booster vaccine among healthcare workers in New York City during the Omicron surge, December 2021 to January 2022","K Whiting, EV Robilotti, A Lucca, C Poon, K Jani, T McMillen, S Freeswick, and others",Clinical Microbiology and Infection,"28 (12), 1624-1628",2022,No,No,
Biosurveillance: a systematic review of global infectious disease surveillance systems from 1900 to 2016.,"AG Huff, T Allen, K Whiting, F Williams, L Hunter, Z Gold, LC Madoff, and others",Revue Scientifique et Technique (International Office of Epizootics),36 (2 …,2017,No,No,
Evaluation and verification of the global rapid identification of threats system for infectious diseases in textual data sources,"AG Huff, N Breit, T Allen, K Whiting, C Kiley",Interdisciplinary perspectives on infectious diseases,"2016 (1), 5080746",2016,No,No,
Examining the accuracy of self-reported smoking-related exposure among recently diagnosed nonmuscle invasive bladder cancer patients,"S Petruzella, BH Bochner, J Kenney, K Whiting, K Sadeghi, N Benfante, and others",The Journal of urology,"205 (5), 1321-1325",2021,No,No,
Association of biochemically verified post-diagnosis smoking and nonmuscle-invasive bladder cancer recurrence risk,"H Furberg, S Petruzella, K Whiting, E Stein, I Orlow, J Kenney, and others",The Journal of urology,"207 (6), 1200-1206",2022,No,No,
Presentation-ready data summary and analytic result tables,"D Sjoberg, M Curry, M Hannum, J Larmarange, K Whiting, EC Zabor, and others",Presentation‐ready data summary and analytic result tables,,2021,No,No,
A data processing pipeline for the AACR project GENIE biopharma collaborative data with the {genieBPC} R package,"JA Lavery, S Brown, MA Curry, A Martin, DD Sjoberg, K Whiting",Bioinformatics,"39 (1), btac796",2023,No,Yes,
A global repository of novel antimicrobial emergence events,"E Mendelsohn, N Ross, AM White, K Whiting, C Basaraba, and others",F,"F1000Research 9, 1320",2021,No,Yes,
A phase 1 trial of copanlisib plus ibrutinib in relapsed/refractory mantle cell lymphoma,"D Qualls, HY Lam, K Whiting, A Kumar, M Matasar, C Owens, C Nichols, and others",Blood Advances,"6 (18), 5262-5266",2022,No,No,
Clinfun: Clinical Trial Design and Data Analysis Functions. R package version 1.0. 15,"ES Venkatraman, K Whiting",,,2018,No,No,
PDGFRβ Signaling cooperates with β-catenin to modulate c-abl and biologic behavior of desmoid-type fibromatosis,"J Hu, MR Hameed, NP Agaram, K Whiting, LX Qin, AM Villano, and others",Clinical Cancer Research,"30 (2), 450-461",2024,No,No,
Clinical and genomic characterization of severe acute respiratory syndrome coronavirus 2 (SARS CoV-2) infections in mRNA vaccinated health care personnel in New York city,"K Whiting, EV Robilotti, A Lucca, C Poon, R Guest, T McMillen, K Jani, and others",Clinical Infectious Diseases,"75 (1), e774-e782",2022,No,Yes,
Circulating tumor DNA and response to cisplatin-based chemotherapy in patients with metastatic urothelial carcinoma enrolled in CALGB 90601 (Alliance),"BJ Guercio, K Whiting, RH Shah, KV Ballman, S Halabi, AM Regazzi, and others",European Urology Open Science,"75, 80-88",2025,No,No,
Natural history and genomic landscape of chemotherapy-resistant muscle-invasive bladder cancer,"AT Lenis, K Whiting, V Ravichandran, JE Tallman, SM Alam, CE Chu, and others",JCO precision oncology,"8, e2300274",2024,No,No,
Synchronous and metachronous bilateral breast cancer among women with a history of lobular carcinoma in situ,"MA Mallory, K Whiting, A Park, M Gönen, E Gilbert, TA King, ML Pilewskie",Breast cancer research and treatment,"194 (1), 137-148",2022,No,No,
Cureit: An End-to-End Pipeline for Implementing Mixture Cure Models With an Application to Liposarcoma Data,"K Whiting, T Fei, S Singer, LX Qin",JCO clinical cancer informatics,"8, e2300234",2024,No,Yes,
Histologic Subvariants of Retroperitoneal Well-Differentiated Liposarcoma Show Evidence of Clinical and Genomic Progression Toward Dedifferentiated Liposarcoma,"GZ Li, J Lee, K Whiting, E Seffar, LX Qin, EK Bartlett, AM Crago, and others",JCO Precision Oncology,"9, e2500316",2025,No,Yes,
The Prognostic significance of stem cell-like marker PLCG2 and novel neuroendocrine markers in bladder neuroendocrine carcinomas,"D Akbulut, GG Ozcan, MB Yerebakan, K Whiting, JF Chen, J Sarungbam, and others",Laboratory Investigation,"103 (3), S680-S681",2023,No,No,
"FLIRT, a web application to predict the movement of infected travelers validated against the current Zika virus epidemic","A Huff, T Allen, K Whiting, B Arnold, N Breit, A Miessler",International Journal of Infectious Diseases,"53, 97-98",2016,No,No,
AI-MIRACLE: Artificial Intelligence and MultIpaRAmetric MRI Predict CLinical OutcomEs to Neoadjuvant Immunotherapy in Patients with Muscle-invasive Bladder Cancer Undergoing …,"A Necchi, G Brembilla, K Whiting, Y Arita, O Akin, A Apte, M Awais, and others",European urology oncology,,2026,No,Yes,
Low α-Diversity and Enterococcus Faecium Domination Are Associated with Increased Mortality in Pediatric Allogeneic HCT Recipients.,"O Miltiadous, N Waters, S Siegel, E Velardi, L Ma, F Galaverna, K Whiting, and others",Transplantation and Cellular Therapy,"32 (2), S583-S584",2026,No,No,
Susceptibility of healthcare personnel with severe acute respiratory coronavirus virus 2 (SARS-CoV-2) hybrid immunity to XBB lineage reinfection,"K Whiting, R Guest, VE Seshan, M Kamboj",Infection Control & Hospital Epidemiology,"45 (6), 781-784",2024,No,Yes,
Knowledge of bladder cancer risk factors among patients diagnosed with nonmuscle-invasive bladder cancer,"RS Matulewicz, K Whiting, BH Bochner, JS Ostroff, H Furberg",The Journal of urology,"209 (1), 6-8",2023,No,No,
Platinum-based chemotherapy after enfortumab vedotin and pembrolizumab in metastatic urothelial carcinoma: a real-world study,"M Sternschuss, K Whiting, A Arbuiso, A Gupta, E Bent, N Alvarez, and others",ESMO open,"11 (8), 108318",2026,No,No,
Peri-transplant gut microbiome injury and enterococcus faecium domination are associated with increased mortality in pediatric allogeneic hematopoietic cell transplantation,"E Velardi, O Miltiadous, N Waters, S Siegel, L Ma, A Orakov, F Galaverna, K Whiting, and others",BONE MARROW TRANSPLANTATION,"61, 151-151",2026,No,No,
3102P Outcomes with enfortumab vedotin and pembrolizumab in metastatic urothelial carcinoma harboring FGFR3 or ERBB2 alterations,"M Sternschuss, K Whiting, A Arbuiso, A Gupta, E Bent, N Alvarez, A Firas, and others",Annals of Oncology,"36, S1607-S1608",2025,No,No,
3089P Clinical outcomes with enfortumab vedotin and pembrolizumab in metastatic urothelial carcinoma and divergent differentiation or histologic subtypes,"M Sternschuss, K Whiting, A Arbuiso, A Gupta, E Bent, N Alvarez, and others",Annals of Oncology,"36, S1602",2025,No,No,
Fc-optimized anti-CD40 agonist antibody 2141-V11 for BCGunresponsive non-muscle invasive bladder cancer: Updates on phase 1 study clinical outcomes and biological correlatives Free,"JC Osorio, L Blanchard, N Yao, SM Alam, J Angulo-Lozano, K Whiting, and others",CANCER RESEARCH,85 (8),2025,No,No,
Revisiting Tumor Mutational Burden Cutoff: Multi-Study Replicability in Immunotherapy,"I Jaljuli, K Whiting, E Rosenbaum, LX Qin",bioRxiv,2025.01. 02.631104,2025,No,Yes,
2003P Clinical outcomes of patients with metastatic urothelial carcinoma (mUC) discontinuing enfortumab vedotin (EV) monotherapy (mono) without disease progression,"M Sternschuss, K Whiting, MY Teo, D Bajorin, R Kotecha, AL Laccetti, and others",Annals of Oncology,"35, S1157-S1158",2024,No,No,
Phase I study of intravesical Fc-optimized anti-CD40 agonist antibody 2141-V11 for non-muscle invasive bladder cancer (NMIBC) unresponsive to Bacillus Calmette-Guerin (BCG) therapy,"JC Osorio, M Alam, J Wong, D Knorr, L Blanchard, JC Angulo-Lozano, K Whiting, and others",CANCER RESEARCH,84 (7),2024,No,No,
"Molecular, immunohistochemical and clinical determinants of urothelial carcinoma of the bladder with nested subtype","FJ Koll, M Basar, Z Chen, AL Tin, SM Alam, JE Tallman, TN Clinton, K Whiting, and others",European Urology,"85, S874",2024,No,No,
Histologic Subvariant Predicts Outcome in Primary Retroperitoneal Well-Differentiated Liposarcoma,"GZ Li, J Lee, K Whiting, LX Qin, EK Bartlett, AM Crago, M Brennan, and others",ANNALS OF SURGICAL ONCOLOGY,"30 (SUPPL 1), S120-S121",2023,No,No,
The Histopathological Growth Patterns of Post-treatment Colorectal Liver Metastases: Presence of Mucin is Associated with Worse Overall Survival in Tumors with Desmoplastic Pattern,"C Firat, K Whiting, A Kohli, P Khosravi, J Garcia-Aguilar, M Gonen, J Shia",LABORATORY INVESTIGATION,"103 (3), S548-S549",2023,No,No,
"Clinical, Molecular and Immunohistochemical Profiles Of Nested Subtype Of Urothelial Carcinoma","MB Yerebakan, T Clinton, K Whiting, C Chu, GG Ozcan, D Akbulut, and others",LABORATORY INVESTIGATION,"103 (3), S694-S695",2023,No,No,
Genomic Landscape of Urothelial Carcinoma with Divergent Differentiation and Histologic Subtypes,"C Chu, Z Chen, K Whiting, R Rammal, A Lenis, GG Ozcan, D Akbulut, and others",LABORATORY INVESTIGATION,"103 (3), S701-S702",2023,No,Yes,
The post-transplant scoring system (PTSS) is associated with outcomes in patients with MDS after CD34+ selected allogeneic stem cell transplant,"A Alarcon Tomas, K Whiting, M Maloy, JD Ruiz, S Devlin, and others",Bone Marrow Transplantation,"56 (11), 2749-2754",2021,No,No,
"A phase 2 trial of buparlisib in patients with platinum-resistant metastatic urothelial carcinoma (vol 126, pg 4532, 2020)","V McPherson, B Reardon, A Bhayankara, K Whiting",CANCER,"127 (13), 2376-2376",2021,No,No,
"A global repository of novel antimicrobial emergenc e events [version 2; peer review: 1 approved, 2 approved with","E Mendelsohn, N Ross, AM White, K Whiting, C Basaraba, and others",,,2021,No,No,
Corrigendum re “Fibroblast Growth Factor Receptor 3 Alteration Status is Associated with Differential Sensitivity to Platinum-based Chemotherapy in Locally Advanced and …,"MY Teo, JM Mota, K Whiting, HA Li, SA Funt, CH Lee, DB Solit, and others",European Urology,"79 (5), e158-e159",2021,No,No,
Synchronous and Metachronous Bilateral Breast Cancer Among Women with a History of Lobular Carcinoma In Situ,"MA Mallory, A Park, K Whiting, M Gonen, E Gilbert, TA King, M Pilewskie",ANNALS OF SURGICAL ONCOLOGY,"27 (SUPPL 1), S107-S107",2020,No,No,
Digital Disease Detection for Health Security,"C Machalaba, T Allen, A Andre, B Arnold, N Breit, K Whiting, WB Karesh, and others",APHA's,2018 Annual Meeting & Expo (Nov. 10-Nov. 14),2018,No,No,